sd_pcode,state_divi,d_pcode,district,ts_pcode,township,town_pcode,town,town_mmr4,longitude,latitude,level,air_bool,ctrl_tnla,ctrl_mndaa,ctrl_uwsa
MMR015,Shan (North),MMR015S002,Kokang Self-Administered Zone,MMR015022,Laukkaing,MMR015022701,Laukkaing,လောက်ကိုင်,23.69163,98.76408,District Capital,1,0,1,0
MMR015,Shan (North),MMR015D001,Lashio,MMR015002,Hseni,MMR015002701,Hseni,သိန္နီ,23.3072,97.9736,Main Town,1,0,1,0
MMR015,Shan (North),MMR015D001,Lashio,MMR015001,Lashio,MMR015001701,Lashio,လားရှိုး,22.95277,97.74747,District Capital,1,0,1,0
MMR015,Shan (North),MMR015D002,Muse,MMR015011,Kutkai,MMR015011701,Kutkai,ကွတ်ခိုင်,23.45921,97.94341,Main Town,1,1,0,0
MMR015,Shan (North),MMR015D002,Muse,MMR015010,Namhkan,MMR015010701,Namhkan,နမ့်ခမ်း,23.837,97.6818,Main Town,1,1,0,0
MMR015,Shan (North),MMR015D003,Kyaukme,MMR015014,Hsipaw,MMR015014701,Hsipaw,သီပေါ,22.61894,97.2981,Main Town,1,1,0,0
MMR015,Shan (North),MMR015S001,Pa Laung Self-Administered Zone,MMR015016,Namhsan,MMR015016701,Namhsan,နမ့်ဆန်,22.96407,97.16126,Main Town,1,1,0,0
MMR015,Shan (North),MMR015S001,Pa Laung Self-Administered Zone,MMR015019,Manton,MMR015019701,Manton,မန်တုံ,23.24647923,97.12221743,Main Town,1,1,0,0
MMR015,Shan (North),MMR015D003,Kyaukme,MMR015012,Kyaukme,MMR015012701,Kyaukme,ကျောက်မဲ,22.54172,97.03671,District Capital,1,1,0,0
MMR015,Shan (North),MMR015D003,Kyaukme,MMR015013,Nawnghkio,MMR015013701,Nawnghkio,နောင်ချို,22.33003,96.79895,Main Town,1,1,0,0
MMR015,Shan (North),MMR015D008,Mongmit,MMR015017,Mongmit,MMR015017701,Mongmit,မိုးမိတ်,23.11422,96.66999,District Capital,1,1,0,0
MMR010,Mandalay,MMR010D002,Pyinoolwin,MMR010011,Mogoke,MMR010011701,Mogoke,မိုးကုတ်,22.92139,96.5054,Main Town,1,1,0,0
MMR015,Shan (North),MMR015S002,Kokang Self-Administered Zone,MMR015022,Laukkaing,MMR015022702,Chinshwehaw,ချင်းရွှေဟော်,23.47557,98.82419,Other Town,0,0,1,0
MMR015,Shan (North),MMR015D006,Hopang,MMR015021,Hopang,MMR015021701,Hopang,ဟိုပန်,23.42544,98.75029,District Capital,0,0,1,1
MMR015,Shan (North),MMR015D001,Lashio,MMR015020,Kunlong,MMR015020701,Kunlong,ကွမ်းလုံ,23.41645472,98.65052624,Main Town,0,0,1,0
MMR015,Shan (North),MMR015S002,Kokang Self-Administered Zone,MMR015023,Konkyan,MMR015023701,Konkyan,ကုန်းကြမ်း,23.82946,98.53934,Main Town,0,0,1,0
MMR015,Shan (North),MMR015D002,Muse,MMR015009,Muse,MMR015009702,Monekoe,မုန်းကိုး,24.0998,98.3031,Other Town,0,0,1,0
MMR015,Shan (North),MMR015D002,Muse,MMR015011,Kutkai,MMR015011702,Tarmoenye,တာမိုးညဲ,23.57597,98.09862,Other Town,0,0,1,0
MMR015,Shan (North),MMR015D003,Kyaukme,MMR015015,Namtu,MMR015015701,Namtu,နမ္မတူ,23.09361,97.40049,Main Town,0,1,0,0
MMR015,Shan (North),MMR015D003,Kyaukme,MMR015012,Kyaukme,MMR015012702,Mongngawt,မိုင်းငေါ့,22.77316,96.98402,Other Town,0,1,0,0
MMR015,Shan (North),MMR015D003,Kyaukme,MMR015012,Kyaukme,MMR015012703,Monglon,မိုင်းလုံ,22.7908,96.62431,Other Town,0,1,0,0
MMR015,Shan (North),MMR015D331,Mong Maw (Wa SAD),MMR015306,Hkun Mar (Hkwin Ma),MMR015306701,Hkun Mar (Hkwin Ma),ခွန်းမား,22.9794,99.46016,Other Town,0,0,0,0
MMR015,Shan (North),MMR015D331,Mong Maw (Wa SAD),MMR015307,Long Htan,MMR015307701,Long Htan,လုံထန်,22.90568,99.36871,Other Town,0,0,0,0
MMR015,Shan (North),MMR015D331,Mong Maw (Wa SAD),MMR015308,Yawng Lin,MMR015308701,Yawng Lin,ယောင်လင်း,22.95939,99.31197,Other Town,0,0,0,0
MMR015,Shan (North),MMR015D006,Hopang,MMR015007,Pangwaun,MMR015007701,Pangwaun,ပန်ဝိုင်,23.0562781,99.30908333,Main Town,0,0,0,0
MMR015,Shan (North),MMR015D331,Mong Maw (Wa SAD),MMR015312,Yin Pang,MMR015312701,Yin Pang,ရင်ဖန့်,22.62819,99.28307,Other Town,0,0,0,0
MMR015,Shan (North),MMR015D331,Mong Maw (Wa SAD),MMR015305,Hsawng Hpa (Saun Pha),MMR015305701,Hsawng Hpa (Saun Pha),ဆောင်ဖ,23.08460198,99.22364802,Other Town,0,0,0,0
MMR015,Shan (North),MMR015D331,Mong Maw (Wa SAD),MMR015311,Aik Chan (Ai' Chun),MMR015311701,Aik Chan (Ai' Chun),အိုက်ချန်,22.76395,99.22358,Other Town,0,0,0,0
MMR015,Shan (North),MMR015D332,Wein Kawng (Wein Kao) (Wa SAD),MMR015315,Nam Hkam Wu,MMR015315701,Nam Hkam Wu,နမ်ခမ်းဝူး,22.47704,99.18664,Other Town,0,0,0,0
MMR015,Shan (North),MMR015D007,Matman,MMR015005,Pangsang,MMR015005701,Pangsang (Pang Hkam),ပန်ဆန်း (ပန်ခမ်း),22.17594,99.17044,Main Town,0,0,0,0
MMR015,Shan (North),MMR015D007,Matman,MMR015006,Narphan,MMR015006701,Narphan,နားဖန်,22.60793118,99.09257653,Main Town,0,0,0,0
MMR015,Shan (North),MMR015D006,Hopang,MMR015008,Mongmao,MMR015008701,Mongmao,မိုင်းမော,22.9672,98.9674,Main Town,0,0,0,0
MMR015,Shan (North),MMR015D332,Wein Kawng (Wein Kao) (Wa SAD),MMR015314,Nawng Hkit,MMR015314702,Wein Kawn,ဝိန်းကောင်,22.30273,98.93896,Other Town,0,0,0,0
MMR015,Shan (North),MMR015D332,Wein Kawng (Wein Kao) (Wa SAD),MMR015314,Nawng Hkit,MMR015314701,Nawng Hkit,နောင်ခစ်,22.43836,98.9248,Other Town,0,0,0,0
MMR015,Shan (North),MMR015D007,Matman,MMR015024,Matman,MMR015024701,Matman,မက်မန်း,21.95417434,98.87087865,District Capital,0,0,0,0
MMR015,Shan (North),MMR015D006,Hopang,MMR015021,Nam Tit,MMR015021702,Nam Tit,နမ့်တစ်,23.4758306,98.86721928,Other Town,0,0,0,0
MMR015,Shan (North),MMR015S002,Kokang Self-Administered Zone,MMR015023,Konkyan,MMR015023702,Maw Hteik,​မော်ထိုက်,24.09692,98.86098,Other Town,0,0,0,0
MMR015,Shan (North),MMR015D331,Mong Maw (Wa SAD),MMR015309,Lin Haw,MMR015309701,Lin Haw,လင်ဟော်,22.77647,98.83702,Other Town,0,0,0,0
MMR015,Shan (North),MMR015D332,Wein Kawng (Wein Kao) (Wa SAD),MMR015318,Pang Yang,MMR015318701,Pang Yang,ပန်ယန်း,22.12911824,98.79675147,Other Town,0,0,0,0
MMR015,Shan (North),MMR015D006,Hopang,MMR015021,Hopang,MMR015021703,Pan Lon,ပန်လုံ,23.25641,98.78571,Other Town,0,0,0,0
MMR015,Shan (North),MMR015D332,Wein Kawng (Wein Kao) (Wa SAD),MMR015313,Man Man Hseng,MMR015313701,Man Man Hseng,မန်မန်ဆိုင်,22.50304,98.76685,Other Town,0,0,0,0
MMR015,Shan (North),MMR015D331,Mong Maw (Wa SAD),MMR015310,Ka Lawng Hpar,MMR015310701,Ka Lawng Hpar,ကလောင်ဖါ,22.71811,98.72545,Other Town,0,0,0,0
MMR015,Shan (North),MMR015D332,Wein Kawng (Wein Kao) (Wa SAD),MMR015316,Nar Kawng,MMR015316701,Nar Kawng,နားကောင်,22.37369482,98.71026925,Other Town,0,0,0,0
MMR015,Shan (North),MMR015D331,Mong Maw (Wa SAD),MMR015302,Nar Wee (Na Wi),MMR015302701,Nar Wee (Na Wi),နာဝီး,23.11117,98.66354,Other Town,0,0,0,0
MMR015,Shan (North),MMR015D331,Mong Maw (Wa SAD),MMR015303,Man Tun,MMR015303701,Man Tun,မန်တွန်း,22.94789,98.612,Other Town,0,0,0,0
MMR015,Shan (North),MMR015D007,Matman,MMR015005,Pangsang,MMR015005702,Man Kan,မန်ကန်,22.68954,98.59519,Other Town,0,0,0,0
MMR015,Shan (North),MMR015D001,Lashio,MMR015004,Tangyan,MMR015004701,Tangyan,တန့်ယန်း,22.4981,98.3968,Main Town,0,0,0,0
MMR015,Shan (North),MMR015D002,Muse,MMR015009,Muse,MMR015009704,Pang Hseng (Kyu Koke),ပန်ဆိုင်း (ကြူကုတ်),24.07548,98.06229,Other Town,0,0,0,0
MMR015,Shan (North),MMR015D001,Lashio,MMR015003,Mongyai,MMR015003701,Mongyai,မိုင်းရယ်,22.4276179,98.0389972,Main Town,0,0,0,0
MMR015,Shan (North),MMR015D002,Muse,MMR015009,Muse,MMR015009701,Muse,မူဆယ်,23.98989,97.90165,District Capital,0,0,0,0
MMR015,Shan (North),MMR015D002,Muse,MMR015009,Muse,MMR015009703,Manhlyoe (Manhero),(မန်ဟျိုး) မန်ဟီးရိုး,23.95176337,97.80064245,Other Town,0,0,0,0
MMR015,Shan (North),MMR015D008,Mongmit,MMR015018,Mabein,MMR015018701,Mabein,မဘိမ်း,23.47292,96.6292,Main Town,0,0,0,0
MMR010,Mandalay,MMR010D002,Pyinoolwin,MMR010008,Pyinoolwin,MMR010008701,Pyinoolwin,ပြင်ဦးလွင်,22.01397,96.45634,District Capital,0,0,0,0
MMR010,Mandalay,MMR010D001,Mandalay,MMR010007,Patheingyi,MMR010007701,Patheingyi,ပုသိမ်ကြီး,22.00399394,96.16465066,Main Town,0,0,0,0
MMR010,Mandalay,MMR010D003,Kyaukse,MMR010015,Myittha,MMR010015702,Ku Me,ကူမဲ,21.3583,96.1603,Other Town,0,0,0,0
MMR010,Mandalay,MMR010D006,Yamethin,MMR010023,Yamethin,MMR010023701,Yamethin,ရမည်းသင်း,20.4305,96.13747,District Capital,0,0,0,0
MMR010,Mandalay,MMR010D003,Kyaukse,MMR010015,Myittha,MMR010015701,Myittha,မြစ်သား,21.42427,96.13086,Main Town,0,0,0,0
MMR010,Mandalay,MMR010D003,Kyaukse,MMR010013,Kyaukse,MMR010013701,Kyaukse,ကျောက်ဆည်,21.61325,96.13033,District Capital,0,0,0,0
MMR010,Mandalay,MMR010D002,Pyinoolwin,MMR010009,Madaya,MMR010009701,Madaya,မတ္တရာ,22.21036,96.10639,Main Town,0,0,0,0
MMR010,Mandalay,MMR010D003,Kyaukse,MMR010014,Sintgaing,MMR010014701,Sintgaing,စဉ့်ကိုင်,21.73113711,96.10610982,Main Town,0,0,0,0
MMR010,Mandalay,MMR010D007,Meiktila,MMR010029,Mahlaing,MMR010029701,Mahlaing,မလှိုင်,21.09867,95.64698,Main Town,0,0,0,0
MMR010,Mandalay,MMR010D001,Mandalay,MMR010001,Aungmyaythazan,MMR010000777,Mandalay,မန္တလေး,21.98940286,96.09210108,State/Region Capital,0,0,0,0
MMR010,Mandalay,MMR010D001,Mandalay,MMR010006,Amarapura,MMR010006702,Myitnge,မြစ်ငယ်,21.85418,96.06856,Other Town,0,0,0,0
MMR010,Mandalay,MMR010D007,Meiktila,MMR010030,Thazi,MMR010030701,Thazi,သာစည်,20.85019,96.05838,Main Town,0,0,0,0
MMR010,Mandalay,MMR010D006,Yamethin,MMR010024,Pyawbwe,MMR010024701,Pyawbwe,ပျော်ဘွယ်,20.59472,96.05094,Main Town,0,0,0,0
MMR010,Mandalay,MMR010D001,Mandalay,MMR010006,Amarapura,MMR010006701,Amarapura,အမရပူရ,21.90314,96.04948,Main Town,0,0,0,0
MMR010,Mandalay,MMR010D007,Meiktila,MMR010031,Wundwin,MMR010031701,Wundwin,ဝမ်းတွင်း,21.09691,96.03001,Main Town,0,0,0,0
MMR010,Mandalay,MMR010D002,Pyinoolwin,MMR010012,Thabeikkyin,MMR010012702,Takaung,တကောင်း,23.50188,96.01367,Other Town,0,0,0,0
MMR010,Mandalay,MMR010D002,Pyinoolwin,MMR010010,Singu,MMR010010701,Singu,စဉ့်ကူး,22.54838207,95.99655105,Main Town,0,0,0,0
MMR010,Mandalay,MMR010D002,Pyinoolwin,MMR010012,Thabeikkyin,MMR010012701,Thabeikkyin,သပိတ်ကျင်း,22.88593,95.97525,Main Town,0,0,0,0
MMR010,Mandalay,MMR010D003,Kyaukse,MMR010016,Tada-U,MMR010016701,Tada-U,တံတားဦး,21.81510017,95.97069475,Main Town,0,0,0,0
MMR010,Mandalay,MMR010D007,Meiktila,MMR010028,Meiktila,MMR010028701,Meiktila,မိတ္ထီလာ,20.88189,95.86311,District Capital,0,0,0,0
MMR010,Mandalay,MMR010D004,Myingyan,MMR010021,Ngazun,MMR010021701,Ngazun,ငါန်းဇွန်,21.89845665,95.68723151,Main Town,0,0,0,0
MMR010,Mandalay,MMR010D004,Myingyan,MMR010019,Natogyi,MMR010019701,Natogyi,နွားထိုးကြီး,21.4237,95.6545,Main Town,0,0,0,0
MMR010,Mandalay,MMR010D004,Myingyan,MMR010018,Taungtha,MMR010018701,Taungtha,တောင်သာ,21.27603,95.44541,Main Town,0,0,0,0
MMR010,Mandalay,MMR010D004,Myingyan,MMR010017,Myingyan,MMR010017702,Si Mee Khon,ဆီမီးခုံ,21.735,95.4221,Other Town,0,0,0,0
MMR010,Mandalay,MMR010D004,Myingyan,MMR010017,Myingyan,MMR010017701,Myingyan,မြင်းခြံ,21.45745,95.39179,District Capital,0,0,0,0
MMR010,Mandalay,MMR010D005,Nyaung-U,MMR010022,Nyaung-U,MMR010022703,Ngathayauk,ငါ့သရောက်,21.15058,95.13772,Other Town,0,0,0,0
MMR010,Mandalay,MMR010D005,Nyaung-U,MMR010020,Kyaukpadaung,MMR010020701,Kyaukpadaung,ကျောက်ပန်းတောင်း,20.84248,95.13218,Main Town,0,0,0,0
MMR010,Mandalay,MMR010D005,Nyaung-U,MMR010022,Nyaung-U,MMR010022701,Nyaung-U,ညောင်ဦး,21.19543,94.91011,District Capital,0,0,0,0
MMR010,Mandalay,MMR010D005,Nyaung-U,MMR010022,Nyaung-U,MMR010022702,Bagan,ပုဂံ,21.13197,94.86257,Other Town,0,0,0,0
MMR013,Yangon,MMR013D002,Yangon (East),MMR013019,Dagon Myothit (North),MMR013019701,Dagon Myothit (North),ဒဂုံမြို့သစ်(မြောက်ပိုင်း),16.87774,96.19079,Main Town,0,0,0,0
MMR013,Yangon,MMR013D002,Yangon (East),MMR013018,Dagon Myothit (South),MMR013018701,Dagon Myothit (South),ဒဂုံမြို့သစ်(တောင်ပိုင်း),16.84016,96.22582,Main Town,0,0,0,0
MMR018,Nay Pyi Taw,MMR018D002,Det Khi Na,MMR018004,Det Khi Na Thi Ri,MMR018004701,Det Khi Na Thi Ri,ဒက္ခိဏသီရိ,19.70026174,96.09049718,Main Town,0,0,0,0
MMR013,Yangon,MMR013D001,Yangon (North),MMR013008,Hlaingtharya,MMR013008701,Hlaingtharya,လှိုင်သာယာ,16.85402,96.06893,Main Town,0,0,0,0
MMR013,Yangon,MMR013D001,Yangon (North),MMR013002,Mingaladon,MMR013002702,Htaukkyant,ထောက်ကြန့်,17.04275565,96.1323128,Main Town,0,0,0,0
MMR018,Nay Pyi Taw,MMR018D001,Oke Ta Ra,MMR018008,Oke Ta Ra Thi Ri,MMR018008701,Oke Ta Ra Thi Ri,ဥတ္တရသီရိ,19.891,96.043,Main Town,0,0,0,0
MMR018,Nay Pyi Taw,MMR018D001,Oke Ta Ra,MMR018005,Poke Ba Thi Ri,MMR018005701,Poke Ba Thi Ri,ပုဗ္ဗသီရိ,19.84383343,96.18252411,Main Town,0,0,0,0
MMR013,Yangon,MMR013D001,Yangon (North),MMR013007,Shwepyithar,MMR013007701,Shwepyithar,ရွှေပြည်သာ,16.95504,96.08329,Main Town,0,0,0,0
MMR018,Nay Pyi Taw,MMR018D002,Det Khi Na,MMR018002,Za Bu Thi Ri,MMR018002701,Za Bu Thi Ri,ဇမ္ဗူသီရိ,19.76867364,96.07260872,Main Town,0,0,0,0
MMR018,Nay Pyi Taw,MMR018D001,Oke Ta Ra,MMR018001,Zay Yar Thi Ri,MMR018001701,Zay Yar Thi Ri,ဇေယျာသီရိ,19.862,96.309,Main Town,0,0,0,0
MMR016,Shan (East),MMR016D333,Mong Pawk (Wa SAD),MMR016320,Ho Tawng (Ho Tao),MMR016320701,Ho Tawng (Ho Tao),ဟိုတောင်း,22.04143173,99.55067044,Other Town,0,0,0,0
MMR016,Shan (East),MMR016D333,Mong Pawk (Wa SAD),MMR016319,Mong Hpen,MMR016319701,Mong Hpen,မိုင်းဖျန်,21.98542,99.59892,Other Town,0,0,0,0
MMR016,Shan (East),MMR016D333,Mong Pawk (Wa SAD),MMR016322,Mong Kar,MMR016322701,Mong Kar,မိုင်းကာ,21.84343,99.41942,Other Town,0,0,0,0
MMR016,Shan (East),MMR016D333,Mong Pawk (Wa SAD),MMR016323,Nam Hpai,MMR016323701,Nam Hpai,နမ့်ဖိုင်,21.92905642,99.20034919,Other Town,0,0,0,0
MMR012,Rakhine,MMR012D003,Kyaukpyu,MMR012013,Ramree,MMR012013702,Lay Taung Town,လေးတောင်,19.038619,93.694846,Other Town,0,0,0,0
MMR012,Rakhine,MMR012D004,Thandwe,MMR012016,Toungup,MMR012016703,Tan Hlwe Ywar Ma Town,တန်းလွဲရွာမ,18.998289,94.12645,Other Town,0,0,0,0
MMR001,Kachin,MMR001D002,Mohnyin,MMR001007,Mohnyin,MMR001007705,Nam Mar,နန်းမား,24.873985,96.436251,Other Town,0,0,0,0
MMR004,Chin,MMR004D003,Hakha,MMR004002,Hakha,MMR004002702,Surkhua,ဆူရ်ခွား,22.255529,93.634163,Other Town,0,0,0,0
MMR007,Bago (East),MMR007D002,Taungoo,MMR007010,Yedashe,MMR007010703,Yae Ni,ရေနီ,19.47438,96.26804,Other Town,0,0,0,0
MMR017,Ayeyarwady,MMR017D004,Labutta,MMR017016,Labutta,MMR017016703,Labutta (3) Mile,လပွတ္တာ (၃) မိုင်,16.19983,94.78124,Other Town,0,0,0,0
MMR006,Tanintharyi,MMR006D002,Myeik,MMR006007,Palaw,MMR006007703,Pa La,ပလ,12.849283,98.6618826,Other Town,0,0,0,0
MMR008,Bago (West),MMR008D001,Pyay,MMR008005,Thegon,MMR008005703,Inn Ma,အင်းမ,18.52806,95.34904,Other Town,0,0,0,0
MMR012,Rakhine,MMR012D002,Maungdaw,MMR012009,Maungdaw,MMR012009703,Kha Maung Seik,ခမောင်းဆိပ်,21.26554,92.27141,Other Town,0,0,0,0
MMR012,Rakhine,MMR012D002,Maungdaw,MMR012009,Maungdaw,MMR012009704,Myin Hlut,မြင်းလွှတ်,20.62786,92.50212,Other Town,0,0,0,0
MMR002,Kayah,MMR002D001,Loikaw,MMR002001,Loikaw,MMR002001703,Law Pi Ta,လောပိတ,97.32928743,19.54908956,Other Town,0,0,0,0
MMR014,Shan (South),MMR014D001,Taunggyi,MMR014002,Nyaungshwe,MMR014002702,Nang Pang Town,နန်းပန်,20.45492935,96.90596008,Other Town,0,0,0,0
MMR005,Sagaing,MMR005D008,Hkamti,MMR005034,Homalin,MMR005034703,Mo Waing Lut,မိုဝိုင်းလွတ်,25.08339558,94.96449799,Other Town,0,0,0,0
MMR017,Ayeyarwady,MMR017D006,Pyapon,MMR017023,Pyapon,MMR017023702,Ahmar,အမာ,15.7994,95.29017,Other Town,0,0,0,0
MMR013,Yangon,MMR013D001,Yangon (North),MMR013005,Taikkyi,MMR013005703,Ahpyauk,အဖျောက်,17.38239,95.69338,Other Town,0,0,0,0
MMR017,Ayeyarwady,MMR017D001,Pathein,MMR017005,Kyonpyaw,MMR017005702,Ahtaung,အထောင်,17.34855,95.33365,Other Town,0,0,0,0
MMR017,Ayeyarwady,MMR017D001,Pathein,MMR017006,Yegyi,MMR017006703,Ahthoke,အသုတ်,17.19974,95.08331,Other Town,0,0,0,0
MMR012,Rakhine,MMR012D003,Kyaukpyu,MMR012014,Ann,MMR012014701,Ann,အမ်း,19.79537,94.04791,Main Town,0,0,0,0
MMR009,Magway,MMR009D003,Thayet,MMR009016,Aunglan,MMR009016701,Aunglan,အောင်လံ,19.35855,95.21684,Main Town,0,0,0,0
MMR014,Shan (South),MMR014D001,Taunggyi,MMR014005,Kalaw,MMR014005702,Aungpan,အောင်ပန်း,20.66122,96.63584,Other Town,0,0,0,0
MMR005,Sagaing,MMR005D003,Monywa,MMR005014,Ayadaw,MMR005014701,Ayadaw,အရာတော်,22.28525,95.45068,Main Town,0,0,0,0
MMR014,Shan (South),MMR014D001,Taunggyi,MMR014001,Taunggyi,MMR014001702,Ayetharyar,အေးသာယာ,20.77475,96.99882,Other Town,0,0,0,0
MMR007,Bago (East),MMR007D001,Bago,MMR007001,Bago,MMR007001701,Bago,ပဲခူး,17.33583,96.48389,State/Region Capital,0,0,0,0
MMR005,Sagaing,MMR005D004,Katha,MMR005023,Banmauk,MMR005023701,Banmauk,ဗန်းမောက်,24.39986,95.85767,Main Town,0,0,0,0
MMR017,Ayeyarwady,MMR017D002,Hinthada,MMR017012,Kyangin,MMR017012702,Batye,ဘက်ရဲ,18.30044,95.14703,Other Town,0,0,0,0
MMR003,Kayin,MMR003D001,Hpa-An,MMR003004,Thandaunggyi,MMR003004704,Baw Ga Li,ဘောဂလိ,18.91451,96.78565,Other Town,0,0,0,0
MMR002,Kayah,MMR002D002,Bawlake,MMR002005,Bawlake,MMR002005701,Bawlake,ဘောလခဲ,19.17255818,97.34284242,District Capital,0,0,0,0
MMR001,Kachin,MMR001D003,Bhamo,MMR001010,Bhamo,MMR001010701,Bhamo,ဗန်းမော်,24.25493,97.23441,District Capital,0,0,0,0
MMR011,Mon,MMR011D002,Thaton,MMR011010,Bilin,MMR011010701,Bilin,ဘီးလင်း,17.21987,97.23931,Main Town,0,0,0,0
MMR017,Ayeyarwady,MMR017D006,Pyapon,MMR017024,Bogale,MMR017024701,Bogale,ဘိုကလေး,16.295,95.3968,Main Town,0,0,0,0
MMR006,Tanintharyi,MMR006D003,Kawthoung,MMR006010,Bokpyin,MMR006010701,Bokpyin,ဘုတ်ပြင်း,11.26503968,98.75909422,Main Town,0,0,0,0
MMR005,Sagaing,MMR005D003,Monywa,MMR005013,Budalin,MMR005013701,Budalin,ဘုတလင်,22.38918,95.14857,Main Town,0,0,0,0
MMR012,Rakhine,MMR012D002,Maungdaw,MMR012010,Buthidaung,MMR012010701,Buthidaung,ဘူးသီးတောင်,20.87498,92.525,Main Town,0,0,0,0
MMR009,Magway,MMR009D001,Magway,MMR009003,Chauk,MMR009003701,Chauk,ချောက်,20.89097787,94.81829465,Main Town,0,0,0,0
MMR017,Ayeyarwady,MMR017D001,Pathein,MMR017001,Pathein,MMR017001704,Chaung Thar,ချောင်းသာ,16.9597,94.4447,Other Town,0,0,0,0
MMR005,Sagaing,MMR005D003,Monywa,MMR005015,Chaung-U,MMR005015701,Chaung-U,ချောင်းဦး,21.95693,95.27363,Main Town,0,0,0,0
MMR011,Mon,MMR011D001,Mawlamyine,MMR011003,Chaungzon,MMR011003701,Chaungzon,ချောင်းဆုံ,16.35125,97.55048,Main Town,0,0,0,0
MMR001,Kachin,MMR001D001,Myitkyina,MMR001005,Chipwi,MMR001005701,Chipwi,ချီဖွေ,25.88635,98.12976,Main Town,0,0,0,0
MMR004,Chin,MMR004D001,Falam,MMR004005,Tonzang,MMR004005702,Cikha,ကျီခါး,23.88976,93.53347,Other Town,0,0,0,0
MMR013,Yangon,MMR013D003,Yangon (South),MMR013032,Cocokyun,MMR013032701,Cocokyun,ကိုကိုးကျွန်း,14.13443058,93.36821296,Main Town,0,0,0,0
MMR007,Bago (East),MMR007D001,Bago,MMR007007,Daik-U,MMR007007701,Daik-U,ဒိုက်ဦး,17.78967,96.66969,Main Town,0,0,0,0
MMR017,Ayeyarwady,MMR017D005,Maubin,MMR017022,Danubyu,MMR017022701,Danubyu,ဓနုဖြူ,17.25468,95.59583,Main Town,0,0,0,0
MMR006,Tanintharyi,MMR006D001,Dawei,MMR006001,Dawei,MMR006001701,Dawei,ထားဝယ်,14.07753,98.19636,State/Region Capital,0,0,0,0
MMR001,Kachin,MMR001D003,Bhamo,MMR001012,Momauk,MMR001012703,Dawthponeyan,ဒေါ့ဖုန်းယန်,24.61398,97.46127,Other Town,0,0,0,0
MMR017,Ayeyarwady,MMR017D006,Pyapon,MMR017026,Dedaye,MMR017026701,Dedaye,ဒေးဒရဲ,16.40806,95.88512,Main Town,0,0,0,0
MMR002,Kayah,MMR002D001,Loikaw,MMR002002,Demoso,MMR002002701,Demoso,ဒီးမော့ဆို,19.53832,97.15881,Main Town,0,0,0,0
MMR005,Sagaing,MMR005S001,Naga Self-Administered Zone,MMR005037,Nanyun,MMR005037703,Don Hee,ဒုံဟီး,26.77569745,95.79165454,Other Town,0,0,0,0
MMR017,Ayeyarwady,MMR017D002,Hinthada,MMR017008,Hinthada,MMR017008703,Du Yar,ဒူးယား,17.5616,95.4802,Other Town,0,0,0,0
MMR017,Ayeyarwady,MMR017D003,Myaungmya,MMR017015,Einme,MMR017015701,Einme,အိမ်မဲ,16.8962,95.1805,Main Town,0,0,0,0
MMR004,Chin,MMR004D001,Falam,MMR004001,Falam,MMR004001701,Falam,ဖလမ်း,22.91105,93.68034,District Capital,0,0,0,0
MMR009,Magway,MMR009D005,Gangaw,MMR009023,Gangaw,MMR009023701,Gangaw,ဂန့်ဂေါ,22.17421,94.13582,District Capital,0,0,0,0
MMR012,Rakhine,MMR012D004,Thandwe,MMR012017,Gwa,MMR012017701,Gwa,ဂွ,17.59369,94.57996,Main Town,0,0,0,0
MMR008,Bago (West),MMR008D002,Thayarwady,MMR008014,Gyobingauk,MMR008014701,Gyobingauk,ကြို့ပင်ကောက်,18.22989,95.65259,Main Town,0,0,0,0
MMR017,Ayeyarwady,MMR017D001,Pathein,MMR017004,Ngapudaw,MMR017004703,Hainggyikyun,ဟိုင်းကြီးကျွန်း,16.01602,94.34411,Other Town,0,0,0,0
MMR004,Chin,MMR004D003,Hakha,MMR004002,Hakha,MMR004002701,Hakha,ဟားခါး,22.64011,93.60483,State/Region Capital,0,0,0,0
MMR014,Shan (South),MMR014D001,Taunggyi,MMR014005,Kalaw,MMR014005703,He Hoe,ဟဲဟိုး,20.7221,96.8239,Other Town,0,0,0,0
MMR017,Ayeyarwady,MMR017D002,Hinthada,MMR017008,Hinthada,MMR017008701,Hinthada,ဟင်္သာတ,17.64958,95.45818,District Capital,0,0,0,0
MMR005,Sagaing,MMR005D008,Hkamti,MMR005033,Hkamti,MMR005033701,Hkamti,ခန္တီး,25.99243,95.69547,District Capital,0,0,0,0
MMR003,Kayin,MMR003D001,Hpa-An,MMR003002,Hlaingbwe,MMR003002701,Hlaingbwe,လှိုင်းဘွဲ့,17.12574,97.81871,Main Town,0,0,0,0
MMR013,Yangon,MMR013D001,Yangon (North),MMR013004,Hlegu,MMR013004701,Hlegu,လှည်းကူး,17.09875,96.22745,Main Town,0,0,0,0
MMR013,Yangon,MMR013D001,Yangon (North),MMR013003,Hmawbi,MMR013003701,Hmawbi,မှော်ဘီ,17.09987,96.0418,Main Town,0,0,0,0
MMR016,Shan (East),MMR016D002,Monghsat,MMR016008,Mongton,MMR016008703,Hmone Hta,မုံးထ,19.7978983,98.5670835,Other Town,0,0,0,0
MMR004,Chin,MMR004D003,Hakha,MMR004003,Thantlang,MMR004003702,Hnaring,နှာဟရိန်,22.1898,93.4361,Other Town,0,0,0,0
MMR005,Sagaing,MMR005D008,Hkamti,MMR005034,Homalin,MMR005034701,Homalin,ဟုမ္မလင်း,24.8644,94.91088,Main Town,0,0,0,0
MMR014,Shan (South),MMR014D003,Langkho,MMR014018,Langkho,MMR014018702,Homein,ဟိုမိန်း,19.769,97.979,Other Town,0,0,0,0
MMR001,Kachin,MMR001D002,Mohnyin,MMR001007,Mohnyin,MMR001007702,Hopin,ဟိုပင်,24.99183,96.53019,Other Town,0,0,0,0
MMR014,Shan (South),MMR014S002,Pa-O Self-Administered Zone,MMR014003,Hopong,MMR014003701,Hopong,ဟိုပုံး,20.79743,97.17024,Main Town,0,0,0,0
MMR007,Bago (East),MMR007D001,Bago,MMR007006,Kyauktaga,MMR007006703,Hpa Do,ဖဒို,18.0377,96.5549,Other Town,0,0,0,0
MMR003,Kayin,MMR003D001,Hpa-An,MMR003001,Hpa-An,MMR003001701,Hpa-An,ဘားအံ,16.88076,97.63691,State/Region Capital,0,0,0,0
MMR001,Kachin,MMR001D002,Mohnyin,MMR001009,Hpakant,MMR001009701,Hpakant,ဖားကန့်,25.6128,96.31212,Main Town,0,0,0,0
MMR003,Kayin,MMR003D004,Hpapun,MMR003003,Hpapun,MMR003003701,Hpapun,ဖာပွန်,18.06305643,97.44321438,District Capital,0,0,0,0
MMR002,Kayah,MMR002D002,Bawlake,MMR002006,Hpasawng,MMR002006701,Hpasawng,ဖားဆောင်း,18.87063,97.31592,Main Town,0,0,0,0
MMR007,Bago (East),MMR007D001,Bago,MMR007001,Bago,MMR007001702,Hpayargyi,ဘုရားကြီး,17.47538,96.52654,Other Town,0,0,0,0
MMR003,Kayin,MMR003D003,Kawkareik,MMR003007,Kyainseikgyi,MMR003007702,Hpayarthonesu,ဘုရားသုံးဆူ,15.30444,98.37808,Other Town,0,0,0,0
MMR002,Kayah,MMR002D001,Loikaw,MMR002003,Hpruso,MMR002003701,Hpruso,ဖရူဆို,19.41386948,97.12799393,Main Town,0,0,0,0
MMR014,Shan (South),MMR014S002,Pa-O Self-Administered Zone,MMR014004,Hsihseng,MMR014004701,Hsihseng,ဆီဆိုင်,20.16226959,97.25190388,Main Town,0,0,0,0
MMR007,Bago (East),MMR007D002,Taungoo,MMR007010,Yedashe,MMR007010702,Hswar,ဆွာ,19.26498,96.29072,Other Town,0,0,0,0
MMR005,Sagaing,MMR005S001,Naga Self-Administered Zone,MMR005036,Lahe,MMR005036702,Htan Par Kway,ထန်ပါခွေ,25.96589,95.24148,Other Town,0,0,0,0
MMR007,Bago (East),MMR007D002,Taungoo,MMR007014,Htantabin,MMR007014701,Htantabin,ထန်းတပင်,18.84329759,96.48375879,Main Town,0,0,0,0
MMR013,Yangon,MMR013D001,Yangon (North),MMR013006,Htantabin,MMR013006701,Htantabin,ထန်းတပင်,17.0174,95.9827,Main Town,0,0,0,0
MMR017,Ayeyarwady,MMR017D002,Hinthada,MMR017013,Ingapu,MMR017013702,Htoogyi,ထူးကြီး,17.97132,95.26073,Other Town,0,0,0,0
MMR017,Ayeyarwady,MMR017D002,Hinthada,MMR017011,Myanaung,MMR017011703,In Pin,အင်ပင်,18.0935,95.269,Other Town,0,0,0,0
MMR005,Sagaing,MMR005D004,Katha,MMR005021,Indaw,MMR005021701,Indaw,အင်းတော်,24.22252,96.14167,Main Town,0,0,0,0
MMR017,Ayeyarwady,MMR017D002,Hinthada,MMR017013,Ingapu,MMR017013701,Ingapu,အင်္ဂပူ,17.80981,95.26926,Main Town,0,0,0,0
MMR001,Kachin,MMR001D001,Myitkyina,MMR001003,Injangyang,MMR001003701,Injangyang,အင်ဂျန်းယန်,25.82991,97.72671,Main Town,0,0,0,0
MMR001,Kachin,MMR001D002,Mohnyin,MMR001007,Mohnyin,MMR001007703,Inn Taw Gyi,အင်းတော်ကြီး,25.0929,96.2876,Other Town,0,0,0,0
MMR007,Bago (East),MMR007D001,Bago,MMR007001,Bago,MMR007001703,Inntakaw,အင်းတကော်,17.18087,96.37637,Other Town,0,0,0,0
MMR014,Shan (South),MMR014D001,Taunggyi,MMR014008,Lawksawk,MMR014008702,Intaw,အင်တော,21.63124,96.92252,Other Town,0,0,0,0
MMR014,Shan (South),MMR014D001,Taunggyi,MMR014005,Kalaw,MMR014005701,Kalaw,ကလော,20.62418,96.55864,Main Town,0,0,0,0
MMR005,Sagaing,MMR005D005,Kale,MMR005027,Kale,MMR005027701,Kale,ကလေး,23.1933,94.02977,District Capital,0,0,0,0
MMR006,Tanintharyi,MMR006D001,Dawei,MMR006004,Yebyu,MMR006004702,Kaleinaung,ကလိန်အောင်,14.62379682,98.13849441,Other Town,0,0,0,0
MMR005,Sagaing,MMR005D005,Kale,MMR005028,Kalewa,MMR005028701,Kalewa,ကလေးဝ,23.1998,94.30036,Main Town,0,0,0,0
MMR001,Kachin,MMR001D002,Mohnyin,MMR001009,Hpakant,MMR001009702,Kamaing,ကာမိုင်း,25.5226,96.71153,Other Town,0,0,0,0
MMR003,Kayin,MMR003D004,Hpapun,MMR003003,Hpapun,MMR003003702,Kamarmaung,ကမမောင်း,17.34688,97.6529,Other Town,0,0,0,0
MMR011,Mon,MMR011D001,Mawlamyine,MMR011005,Mudon,MMR011005702,Kamarwet,ကမာ၀က်,16.1409,97.73403,Other Town,0,0,0,0
MMR009,Magway,MMR009D003,Thayet,MMR009015,Kamma,MMR009015701,Kamma,ကံမ,19.02897,95.09594,Main Town,0,0,0,0
MMR009,Magway,MMR009D004,Pakokku,MMR009018,Pakokku,MMR009018702,Kamma,ကမ္မ,21.38358,94.81558,Other Town,0,0,0,0
MMR001,Kachin,MMR001D001,Myitkyina,MMR001002,Waingmaw,MMR001002703,Kan Paik Ti,ကန်ပိုက်တီ,25.40319,98.11739,Other Town,0,0,0,0
MMR017,Ayeyarwady,MMR017D002,Hinthada,MMR017011,Myanaung,MMR017011702,Kanaung,ကနောင်,18.21566003,95.38136511,Other Town,0,0,0,0
MMR005,Sagaing,MMR005D010,Kanbalu,MMR005007,Kanbalu,MMR005007701,Kanbalu,ကန့်ဘလူ,23.20305,95.51886,District Capital,0,0,0,0
MMR017,Ayeyarwady,MMR017D001,Pathein,MMR017002,Kangyidaunt,MMR017002701,Kangyidaunt,ကန်ကြီးထောင့်,16.9329,94.89476,Main Town,0,0,0,0
MMR012,Rakhine,MMR012D005,Mrauk-U,MMR012006,Myebon,MMR012006702,Kanhtauntkyi,ကမ်းထောင့်ကြီး,19.85695,93.75902,Other Town,0,0,0,0
MMR005,Sagaing,MMR005D009,Yinmarbin,MMR005017,Kani,MMR005017701,Kani,ကနီ,22.43291,94.84847,Main Town,0,0,0,0
MMR004,Chin,MMR004D002,Mindat,MMR004008,Kanpetlet,MMR004008701,Kanpetlet,ကန်ပက်လက်,21.19337,94.05666,Main Town,0,0,0,0
MMR007,Bago (East),MMR007D002,Taungoo,MMR007012,Phyu,MMR007012702,Kanyutkwin,ကညွတ်ကွင်း,18.3404,96.49218,Other Town,0,0,0,0
MMR014,Shan (South),MMR014D002,Loilen,MMR014014,Kunhing,MMR014014702,Kar Li,ကာလိ,21.28871821,98.53380618,Other Town,0,0,0,0
MMR006,Tanintharyi,MMR006D003,Kawthoung,MMR006010,Bokpyin,MMR006010703,Karathuri,ကရသူရိ,10.93336,98.75998,Other Town,0,0,0,0
MMR005,Sagaing,MMR005D004,Katha,MMR005020,Katha,MMR005020701,Katha,ကသာ,24.18163,96.33167,District Capital,0,0,0,0
MMR007,Bago (East),MMR007D001,Bago,MMR007003,Kawa,MMR007003701,Kawa,ကဝ,17.08967,96.46632,Main Town,0,0,0,0
MMR013,Yangon,MMR013D003,Yangon (South),MMR013028,Kawhmu,MMR013028701,Kawhmu,ကော့မှူး,16.54616,96.06195,Main Town,0,0,0,0
MMR003,Kayin,MMR003D003,Kawkareik,MMR003006,Kawkareik,MMR003006701,Kawkareik,ကော့ကရိတ်,16.55553,98.23996,District Capital,0,0,0,0
MMR005,Sagaing,MMR005D011,Kawlin,MMR005024,Kawlin,MMR005024701,Kawlin,ကောလင်း,23.79026,95.68339,District Capital,0,0,0,0
MMR006,Tanintharyi,MMR006D003,Kawthoung,MMR006009,Kawthoung,MMR006009701,Kawthoung,ကော့သောင်း,9.982609862,98.54995298,District Capital,0,0,0,0
MMR013,Yangon,MMR013D003,Yangon (South),MMR013026,Kayan,MMR013026701,Kayan,ခရမ်း,16.90544,96.5605,Main Town,0,0,0,0
MMR007,Bago (East),MMR007D002,Taungoo,MMR007009,Taungoo,MMR007009702,Kaytumati,ကေတုမတီ,19.01432,96.40357,Other Town,0,0,0,0
MMR016,Shan (East),MMR016D003,Tachileik,MMR016009,Tachileik,MMR016009702,Kenglat,ကျိုင်းလပ်,20.867,100.534,Other Town,0,0,0,0
MMR014,Shan (South),MMR014D003,Langkho,MMR014019,Mongnai,MMR014019702,Kengtawng,ကျိုင်းတောင်း,20.75728,98.29333,Other Town,0,0,0,0
MMR016,Shan (East),MMR016D001,Kengtung,MMR016001,Kengtung,MMR016001701,Kengtung,ကျိုင်းတုံ,21.29189,99.6036,District Capital,0,0,0,0
MMR004,Chin,MMR004D001,Falam,MMR004004,Tedim,MMR004004702,Khaikam,ခိုင်ကမ်း,23.2175,93.9551,Other Town,0,0,0,0
MMR006,Tanintharyi,MMR006D003,Kawthoung,MMR006009,Kawthoung,MMR006009702,Khamaukgyi,ခမောက်ကြီး,10.353,98.625,Other Town,0,0,0,0
MMR005,Sagaing,MMR005D006,Tamu,MMR005030,Tamu,MMR005030703,Khampat,ခါမ်းပါတ်,23.77977,94.14575,Other Town,0,0,0,0
MMR001,Kachin,MMR001D004,Puta-O,MMR001018,Khaunglanhpu,MMR001018701,Khaunglanhpu,ခေါင်လန်ဖူး,27.06042976,98.36034274,Main Town,0,0,0,0
MMR011,Mon,MMR011D001,Mawlamyine,MMR011006,Ye,MMR011006703,Khawzar,ခေါဇာ,15.03752,97.82935,Other Town,0,0,0,0
MMR005,Sagaing,MMR005D002,Shwebo,MMR005005,Khin-U,MMR005005701,Khin-U,ခင်ဦး,22.77016,95.62149,Main Town,0,0,0,0
MMR014,Shan (South),MMR014D002,Loilen,MMR014013,Nansang,MMR014013702,Kho Lam,ခိုလမ်,21.09887,98.10086,Other Town,0,0,0,0
MMR013,Yangon,MMR013D003,Yangon (South),MMR013029,Kungyangon,MMR013029701,Kungyangon,ကွမ်းခြံကုန်း,16.4394,96.0119,Main Town,0,0,0,0
MMR014,Shan (South),MMR014D002,Loilen,MMR014014,Kunhing,MMR014014701,Kunhing,ကွန်ဟိန်း,21.301,98.424,Main Town,0,0,0,0
MMR003,Kayin,MMR003D003,Kawkareik,MMR003007,Kyainseikgyi,MMR003007703,Kyaikdon,ကျိုက်ဒုံ,16.00253062,98.39268396,Other Town,0,0,0,0
MMR011,Mon,MMR011D001,Mawlamyine,MMR011004,Thanbyuzayat,MMR011004702,Kyaikkhami,ကျိုက္ခမီ,16.08,97.5675,Other Town,0,0,0,0
MMR017,Ayeyarwady,MMR017D006,Pyapon,MMR017025,Kyaiklat,MMR017025701,Kyaiklat,ကျိုက်လတ်,16.44431,95.72614,Main Town,0,0,0,0
MMR011,Mon,MMR011D001,Mawlamyine,MMR011002,Kyaikmaraw,MMR011002701,Kyaikmaraw,ကျိုက်မရော,16.37045,97.72411,Main Town,0,0,0,0
MMR011,Mon,MMR011D002,Thaton,MMR011009,Kyaikto,MMR011009701,Kyaikto,ကျိုက်ထို,17.31156,97.01989,Main Town,0,0,0,0
MMR003,Kayin,MMR003D003,Kawkareik,MMR003007,Kyainseikgyi,MMR003007701,Kyainseikgyi,ကြာအင်းဆိပ်ကြီး,16.04079,98.12322,Main Town,0,0,0,0
MMR017,Ayeyarwady,MMR017D002,Hinthada,MMR017012,Kyangin,MMR017012701,Kyangin,ကြံခင်း,18.34035,95.23914,Main Town,0,0,0,0
MMR005,Sagaing,MMR005D002,Shwebo,MMR005004,Shwebo,MMR005004702,Kyauk Myaung,​ကျောက်မြောင်း,22.59329,95.94495,Other Town,0,0,0,0
MMR009,Magway,MMR009D005,Gangaw,MMR009025,Saw,MMR009025702,Kyaukhtu,ကျောက်ထု,21.406,94.136,Other Town,0,0,0,0
MMR007,Bago (East),MMR007D002,Taungoo,MMR007011,Kyaukkyi,MMR007011701,Kyaukkyi,ကျောက်ကြီး,18.32764003,96.76861742,Main Town,0,0,0,0
MMR012,Rakhine,MMR012D003,Kyaukpyu,MMR012011,Kyaukpyu,MMR012011701,Kyaukpyu,ကျောက်ဖြူ,19.4239,93.5544,District Capital,0,0,0,0
MMR007,Bago (East),MMR007D001,Bago,MMR007006,Kyauktaga,MMR007006701,Kyauktaga,ကျောက်တံခါး,18.15867,96.61391,Main Town,0,0,0,0
MMR014,Shan (South),MMR014D001,Taunggyi,MMR014001,Taunggyi,MMR014001703,Kyauktalonegyi,ကျောက်တလုံးကြီး,20.371,97.024,Other Town,0,0,0,0
MMR013,Yangon,MMR013D003,Yangon (South),MMR013024,Kyauktan,MMR013024701,Kyauktan,ကျောက်တန်း,16.63393,96.32351,Main Town,0,0,0,0
MMR012,Rakhine,MMR012D005,Mrauk-U,MMR012004,Kyauktaw,MMR012004701,Kyauktaw,ကျောက်တော်,20.84396,92.97282,Main Town,0,0,0,0
MMR017,Ayeyarwady,MMR017D001,Pathein,MMR017007,Kyaunggon,MMR017007701,Kyaunggon,ကျောင်းကုန်း,17.10768,95.1904,Main Town,0,0,0,0
MMR009,Magway,MMR009D005,Gangaw,MMR009023,Gangaw,MMR009023702,Kyaw,ကျော,21.92737,94.35789,Other Town,0,0,0,0
MMR012,Rakhine,MMR012D004,Thandwe,MMR012017,Gwa,MMR012017702,Kyeintali,ကျိန္တလီ,18.00712,94.49141,Other Town,0,0,0,0
MMR014,Shan (South),MMR014D002,Loilen,MMR014015,Kyethi,MMR014015701,Kyethi,ကျေးသီး,21.92515,97.81933,Main Town,0,0,0,0
MMR004,Chin,MMR004D002,Mindat,MMR004008,Kanpetlet,MMR004008702,Kyin Dway,ကျင်ဒွေး,20.973,93.8382,Other Town,0,0,0,0
MMR003,Kayin,MMR003D003,Kawkareik,MMR003006,Kawkareik,MMR003006702,Kyondoe,ကျုံဒိုး,16.59446,98.04353,Other Town,0,0,0,0
MMR017,Ayeyarwady,MMR017D003,Myaungmya,MMR017017,Wakema,MMR017017702,Kyonmangae,ကျုံမငေး,16.43803471,95.13190322,Other Town,0,0,0,0
MMR017,Ayeyarwady,MMR017D001,Pathein,MMR017005,Kyonpyaw,MMR017005701,Kyonpyaw,ကျုံပျော်,17.3,95.2,Main Town,0,0,0,0
MMR005,Sagaing,MMR005D010,Kanbalu,MMR005008,Kyunhla,MMR005008701,Kyunhla,ကျွန်းလှ,23.31964,95.5321,Main Town,0,0,0,0
MMR006,Tanintharyi,MMR006D002,Myeik,MMR006006,Kyunsu,MMR006006701,Kyunsu,ကျွန်းစု,12.47386023,98.45443086,Main Town,0,0,0,0
MMR007,Bago (East),MMR007D002,Taungoo,MMR007013,Oktwin,MMR007013702,Kywe Pwe,ကျွဲပွဲ,18.7,96.4099,Other Town,0,0,0,0
MMR017,Ayeyarwady,MMR017D004,Labutta,MMR017016,Labutta,MMR017016701,Labutta,လပွတ္တာ,16.14557,94.75889,District Capital,0,0,0,0
MMR005,Sagaing,MMR005S001,Naga Self-Administered Zone,MMR005036,Lahe,MMR005036701,Lahe,လဟယ်,26.32594,95.44113,Main Town,0,0,0,0
MMR014,Shan (South),MMR014D002,Loilen,MMR014012,Laihka,MMR014012701,Laihka,လဲချား,21.27024,97.66509,Main Town,0,0,0,0
MMR004,Chin,MMR004D004,Matupi,MMR004007,Matupi,MMR004007703,Lalengpi,လိုင်လင်းပီ,21.9592,93.1143,Other Town,0,0,0,0
MMR011,Mon,MMR011D001,Mawlamyine,MMR011006,Ye,MMR011006702,Lamaing,လမိုင်း,15.50351,97.83215,Other Town,0,0,0,0
MMR014,Shan (South),MMR014D003,Langkho,MMR014018,Langkho,MMR014018701,Langkho,လင်းခေး,20.34222,98.00371,District Capital,0,0,0,0
MMR006,Tanintharyi,MMR006D001,Dawei,MMR006002,Launglon,MMR006002701,Launglon,လောင်းလုံး,13.97522,98.11963,Main Town,0,0,0,0
MMR014,Shan (South),MMR014D001,Taunggyi,MMR014008,Lawksawk,MMR014008701,Lawksawk,ရပ်စောက်,21.24664,96.86518,Main Town,0,0,0,0
MMR005,Sagaing,MMR005S001,Naga Self-Administered Zone,MMR005035,Lay Shi,MMR005035701,Lay Shi,လေရှီး,25.44705664,94.95662984,Main Town,0,0,0,0
MMR003,Kayin,MMR003D001,Hpa-An,MMR003004,Thandaunggyi,MMR003004703,Leik Tho,လိပ်သို,19.22235,96.58097,Other Town,0,0,0,0
MMR017,Ayeyarwady,MMR017D002,Hinthada,MMR017010,Lemyethna,MMR017010701,Lemyethna,လေးမျက်နှာ,17.60038,95.17454,Main Town,0,0,0,0
MMR008,Bago (West),MMR008D002,Thayarwady,MMR008008,Letpadan,MMR008008701,Letpadan,လက်ပံတန်း,17.779,95.74529,Main Town,0,0,0,0
MMR018,Nay Pyi Taw,MMR018D002,Det Khi Na,MMR018007,Lewe,MMR018007701,Lewe,လယ်ဝေး,19.63467,96.11007,Main Town,0,0,0,0
MMR002,Kayah,MMR002D001,Loikaw,MMR002001,Loikaw,MMR002001701,Loikaw,လွိုင်ကော်,19.67424,97.20993,State/Region Capital,0,0,0,0
MMR014,Shan (South),MMR014D002,Loilen,MMR014011,Loilen,MMR014011701,Loilen,လွိုင်လင်,20.92536,97.56581,District Capital,0,0,0,0
MMR002,Kayah,MMR002D001,Loikaw,MMR002001,Loikaw,MMR002001702,Loilen Lay,လွိုင်လင်လေး,19.8777,97.2318,Other Town,0,0,0,0
MMR001,Kachin,MMR001D003,Bhamo,MMR001012,Momauk,MMR001012702,Lwegel,လွယ်ဂျယ်,24.19932,97.72077,Other Town,0,0,0,0
MMR004,Chin,MMR004D002,Mindat,MMR004006,Mindat,MMR004006702,M'kuiimnu,မကွီအိမ်နူး,21.1727,93.5945,Other Town,0,0,0,0
MMR012,Rakhine,MMR012D004,Thandwe,MMR012016,Toungup,MMR012016702,Ma-Ei,မအီ,19.34234,94.13845,Other Town,0,0,0,0
MMR001,Kachin,MMR001D004,Puta-O,MMR001016,Machanbaw,MMR001016701,Machanbaw,မချမ်းဘော,27.28395,97.58937,Main Town,0,0,0,0
MMR007,Bago (East),MMR007D001,Bago,MMR007005,Nyaunglebin,MMR007005702,Madauk,မဒေါက်,17.91491,96.84535,Other Town,0,0,0,0
MMR009,Magway,MMR009D001,Magway,MMR009001,Magway,MMR009001701,Magway,မကွေး,20.14027,94.92696,State/Region Capital,0,0,0,0
MMR001,Kachin,MMR001D003,Bhamo,MMR001013,Mansi,MMR001013701,Mansi,မံစီ,24.11962,97.29311,Main Town,0,0,0,0
MMR004,Chin,MMR004D004,Matupi,MMR004007,Matupi,MMR004007701,Matupi,မတူပီ,21.60475,93.44086,District Capital,0,0,0,0
MMR017,Ayeyarwady,MMR017D005,Maubin,MMR017019,Maubin,MMR017019701,Maubin,မအူပင်,16.73023,95.6494,District Capital,0,0,0,0
MMR012,Rakhine,MMR012D002,Maungdaw,MMR012009,Maungdaw,MMR012009701,Maungdaw,မောင်တော,20.81897,92.36776,District Capital,0,0,0,0
MMR005,Sagaing,MMR005D004,Katha,MMR005021,Indaw,MMR005021702,Maw Lu,မော်လူး,24.4649,96.1796,Other Town,0,0,0,0
MMR006,Tanintharyi,MMR006D002,Myeik,MMR006008,Tanintharyi,MMR006008702,Maw Taung,မောတောင်,11.7952,99.6275,Other Town,0,0,0,0
MMR014,Shan (South),MMR014D003,Langkho,MMR014020,Mawkmai,MMR014020701,Mawkmai,မောက်မယ်,20.2305,97.72369,Main Town,0,0,0,0
MMR005,Sagaing,MMR005D007,Mawlaik,MMR005031,Mawlaik,MMR005031701,Mawlaik,မော်လိုက်,23.63512,94.41201,District Capital,0,0,0,0
MMR011,Mon,MMR011D001,Mawlamyine,MMR011001,Mawlamyine,MMR011001701,Mawlamyine,မော်လမြိုင်,16.48459,97.62593,State/Region Capital,0,0,0,0
MMR017,Ayeyarwady,MMR017D004,Labutta,MMR017018,Mawlamyinegyun,MMR017018701,Mawlamyinegyun,မော်လမြိုင်ကျွန်း,16.37894,95.26298,Main Town,0,0,0,0
MMR017,Ayeyarwady,MMR017D002,Hinthada,MMR017013,Ingapu,MMR017013703,Me Za Li Kone,မဲဇလီကုန်း,17.9009,95.2288,Other Town,0,0,0,0
MMR002,Kayah,MMR002D002,Bawlake,MMR002007,Mese,MMR002007701,Mese,မယ်စဲ,18.67246177,97.66277329,Main Town,0,0,0,0
MMR009,Magway,MMR009D002,Minbu,MMR009007,Minbu,MMR009007701,Minbu,မင်းဘူး,20.17161,94.87518,District Capital,0,0,0,0
MMR012,Rakhine,MMR012D005,Mrauk-U,MMR012005,Minbya,MMR012005701,Minbya,မင်းပြား,20.36452,93.27269,Main Town,0,0,0,0
MMR004,Chin,MMR004D002,Mindat,MMR004006,Mindat,MMR004006701,Mindat,မင်းတပ်,21.37176,93.97365,District Capital,0,0,0,0
MMR009,Magway,MMR009D003,Thayet,MMR009014,Mindon,MMR009014701,Mindon,မင်းတုန်း,19.35131067,94.73233488,Main Town,0,0,0,0
MMR005,Sagaing,MMR005D005,Kale,MMR005029,Mingin,MMR005029701,Mingin,မင်းကင်း,22.87781,94.4942,Main Town,0,0,0,0
MMR008,Bago (West),MMR008D002,Thayarwady,MMR008009,Minhla,MMR008009701,Minhla,မင်းလှ,17.97389,95.70905,Main Town,0,0,0,0
MMR009,Magway,MMR009D003,Thayet,MMR009013,Minhla,MMR009013701,Minhla,မင်းလှ,19.96559,95.0367,Main Town,0,0,0,0
MMR001,Kachin,MMR001D002,Mohnyin,MMR001008,Mogaung,MMR001008701,Mogaung,မိုးကောင်း,25.30274,96.94038,Main Town,0,0,0,0
MMR001,Kachin,MMR001D002,Mohnyin,MMR001007,Mohnyin,MMR001007701,Mohnyin,မိုးညှင်း,24.77711317,96.36492597,District Capital,0,0,0,0
MMR001,Kachin,MMR001D003,Bhamo,MMR001012,Momauk,MMR001012701,Momauk,မိုးမောက်,24.25094936,97.34653148,Main Town,0,0,0,0
MMR016,Shan (East),MMR016D003,Tachileik,MMR016010,Monghpyak,MMR016010701,Monghpyak,မိုင်းဖြတ်,20.87804,99.92333,Main Town,0,0,0,0
MMR016,Shan (East),MMR016D002,Monghsat,MMR016006,Monghsat,MMR016006701,Monghsat,မိုင်းဆတ်,20.50544,99.24724,District Capital,0,0,0,0
MMR014,Shan (South),MMR014D002,Loilen,MMR014017,Monghsu,MMR014017701,Monghsu,မိုင်းရှူး,21.90513,98.36044,Main Town,0,0,0,0
MMR014,Shan (South),MMR014D002,Loilen,MMR014016,Mongkaing,MMR014016701,Mongkaing,မိုင်းကိုင်,21.61149,97.52699,Main Town,0,0,0,0
MMR016,Shan (East),MMR016D001,Kengtung,MMR016002,Mongkhet,MMR016002701,Mongkhet,မိုင်းခတ်,21.7499,99.46377,Main Town,0,0,0,0
MMR016,Shan (East),MMR016D002,Monghsat,MMR016006,Monghsat,MMR016006702,Mongkhoke,မိုင်းခုတ်,20.7404833,99.46360097,Other Town,0,0,0,0
MMR016,Shan (East),MMR016D001,Kengtung,MMR016005,Mongla,MMR016005701,Mongla,မိုင်းလား,21.6729,100.01867,Main Town,0,0,0,0
MMR014,Shan (South),MMR014D003,Langkho,MMR014019,Mongnai,MMR014019701,Mongnai,မိုးနဲ,20.5136,97.8712,Main Town,0,0,0,0
MMR014,Shan (South),MMR014D002,Loilen,MMR014015,Kyethi,MMR014015702,Mongnawng,မိုင်းနောင်,21.645,98.123,Other Town,0,0,0,0
MMR014,Shan (South),MMR014D003,Langkho,MMR014021,Mongpan,MMR014021701,Mongpan,မိုင်းပန်,20.3188,98.3541,Main Town,0,0,0,0
MMR016,Shan (East),MMR016D001,Kengtung,MMR016003,Mongyang,MMR016003702,Mongpauk,မိုင်းပေါက်,22.0082,99.3101,Other Town,0,0,0,0
MMR016,Shan (East),MMR016D001,Kengtung,MMR016007,Mongping,MMR016007701,Mongping,မိုင်းပျဉ်း,21.3502,99.026,Main Town,0,0,0,0
MMR014,Shan (South),MMR014D002,Loilen,MMR014017,Monghsu,MMR014017702,Mongsan (Hmonesan),မိုင်းစံ (မုန်းဆန်း),21.65989,98.36456,Other Town,0,0,0,0
MMR016,Shan (East),MMR016D002,Monghsat,MMR016008,Mongton,MMR016008701,Mongton,မိုင်းတုံ,20.30351,98.90008,Main Town,0,0,0,0
MMR016,Shan (East),MMR016D001,Kengtung,MMR016003,Mongyang,MMR016003701,Mongyang,မိုင်းယန်း,21.84235,99.68711,Main Town,0,0,0,0
MMR016,Shan (East),MMR016D003,Tachileik,MMR016011,Mongyawng,MMR016011701,Mongyawng,မိုင်းယောင်း,21.18069822,100.3578971,Main Town,0,0,0,0
MMR016,Shan (East),MMR016D003,Tachileik,MMR016011,Mongyawng,MMR016011702,Mongyu,မိုင်းယု,21.32975979,100.5508241,Other Town,0,0,0,0
MMR008,Bago (West),MMR008D002,Thayarwady,MMR008013,Monyo,MMR008013701,Monyo,မိုးညို,18.02719,95.51185,Main Town,0,0,0,0
MMR005,Sagaing,MMR005D003,Monywa,MMR005012,Monywa,MMR005012701,Monywa,မုံရွာ,22.12168,95.13963,State/Region Capital,0,0,0,0
MMR012,Rakhine,MMR012D005,Mrauk-U,MMR012003,Mrauk-U,MMR012003701,Mrauk-U,မြောက်ဦး,20.59185,93.18844,District Capital,0,0,0,0
MMR011,Mon,MMR011D001,Mawlamyine,MMR011005,Mudon,MMR011005701,Mudon,မုဒုံ,16.25812,97.72478,Main Town,0,0,0,0
MMR012,Rakhine,MMR012D003,Kyaukpyu,MMR012012,Munaung,MMR012012701,Munaung,မာန်အောင်,18.85506,93.7215,Main Town,0,0,0,0
MMR009,Magway,MMR009D004,Pakokku,MMR009020,Myaing,MMR009020701,Myaing,မြိုင်,21.61256,94.85432,Main Town,0,0,0,0
MMR017,Ayeyarwady,MMR017D002,Hinthada,MMR017011,Myanaung,MMR017011701,Myanaung,မြန်အောင်,18.28696,95.31779,Main Town,0,0,0,0
MMR005,Sagaing,MMR005D001,Sagaing,MMR005003,Myaung,MMR005003701,Myaung,မြောင်,21.83163968,95.42424957,Main Town,0,0,0,0
MMR017,Ayeyarwady,MMR017D003,Myaungmya,MMR017014,Myaungmya,MMR017014701,Myaungmya,မြောင်းမြ,16.59926,94.92977,District Capital,0,0,0,0
MMR003,Kayin,MMR003D002,Myawaddy,MMR003005,Myawaddy,MMR003005701,Myawaddy,မြဝတီ,16.68867758,98.51303563,District Capital,0,0,0,0
MMR012,Rakhine,MMR012D005,Mrauk-U,MMR012006,Myebon,MMR012006701,Myebon,မြေပုံ,20.04676,93.37376,Main Town,0,0,0,0
MMR006,Tanintharyi,MMR006D002,Myeik,MMR006005,Myeik,MMR006005701,Myeik,မြိတ်,12.44112,98.60978,District Capital,0,0,0,0
MMR005,Sagaing,MMR005D001,Sagaing,MMR005002,Myinmu,MMR005002701,Myinmu,မြင်းမူ,21.92680562,95.57156697,Main Town,0,0,0,0
MMR009,Magway,MMR009D004,Pakokku,MMR009018,Pakokku,MMR009018703,Myit Chay,မြစ်ခြေ,21.2454,94.8511,Other Town,0,0,0,0
MMR001,Kachin,MMR001D001,Myitkyina,MMR001001,Myitkyina,MMR001001701,Myitkyina,မြစ်ကြီးနား,25.38749,97.39036,State/Region Capital,0,0,0,0
MMR006,Tanintharyi,MMR006D001,Dawei,MMR006001,Dawei,MMR006001702,Myitta,မေတ္တာ,14.16355,98.52017,Other Town,0,0,0,0
MMR001,Kachin,MMR001D003,Bhamo,MMR001011,Shwegu,MMR001011702,Myo Hla,မြို့လှ,24.47856339,96.65521559,Other Town,0,0,0,0
MMR007,Bago (East),MMR007D002,Taungoo,MMR007010,Yedashe,MMR007010704,Myo Hla,မြို့လှ,19.40442,96.26628,Other Town,0,0,0,0
MMR009,Magway,MMR009D001,Magway,MMR009005,Myothit,MMR009005701,Myothit,မြို့သစ်,20.19919,95.44692,Main Town,0,0,0,0
MMR005,Sagaing,MMR005D006,Tamu,MMR005030,Tamu,MMR005030702,Myothit,မြို့သစ်,24.51539,94.51857,Other Town,0,0,0,0
MMR001,Kachin,MMR001D002,Mohnyin,MMR001007,Mohnyin,MMR001007704,Nam Mun,နန့်မွန်း,25.0047,96.3548,Other Town,0,0,0,0
MMR001,Kachin,MMR001D002,Mohnyin,MMR001008,Mogaung,MMR001008702,Nammatee,နမ္မတီး,25.37835,97.00896,Other Town,0,0,0,0
MMR002,Kayah,MMR002D001,Loikaw,MMR002002,Demoso,MMR002002702,Nan Mei Khon,နန်းမယ်ခုံ,19.6696,97.1091,Other Town,0,0,0,0
MMR014,Shan (South),MMR014D002,Loilen,MMR014013,Nansang,MMR014013701,Nansang,နမ့်စန်,20.88912,97.72022,Main Town,0,0,0,0
MMR005,Sagaing,MMR005S001,Naga Self-Administered Zone,MMR005037,Nanyun,MMR005037701,Nanyun,နန်းယွန်း,26.97979,96.16705,Main Town,0,0,0,0
MMR009,Magway,MMR009D001,Magway,MMR009006,Natmauk,MMR009006701,Natmauk,နတ်မောက်,20.35339,95.39966,Main Town,0,0,0,0
MMR008,Bago (West),MMR008D002,Thayarwady,MMR008012,Nattalin,MMR008012701,Nattalin,နတ်တလင်း,18.42753,95.54731,Main Town,0,0,0,0
MMR014,Shan (South),MMR014S002,Pa-O Self-Administered Zone,MMR014009,Pinlaung,MMR014009702,Naungtayar,နောင်တရား,20.29326,96.75691,Other Town,0,0,0,0
MMR001,Kachin,MMR001D004,Puta-O,MMR001017,Nawngmun,MMR001017701,Nawngmun,နောင်မွန်း,27.50532,97.81785,Main Town,0,0,0,0
MMR018,Nay Pyi Taw,MMR018D001,Oke Ta Ra,MMR018001,Zay Yar Thi Ri,MMR018000777,Nay Pyi Taw,နေပြည်တော်,19.80326,96.18566,Union Capital,0,0,0,0
MMR012,Rakhine,MMR012D004,Thandwe,MMR012015,Thandwe,MMR012015702,Ngapali,ငပလီ,18.43755,94.3206,Other Town,0,0,0,0
MMR009,Magway,MMR009D002,Minbu,MMR009009,Ngape,MMR009009701,Ngape,ငဖဲ,20.07538,94.46767,Main Town,0,0,0,0
MMR017,Ayeyarwady,MMR017D001,Pathein,MMR017004,Ngapudaw,MMR017004701,Ngapudaw,ငပုတော,16.54310125,94.69224,Main Town,0,0,0,0
MMR017,Ayeyarwady,MMR017D001,Pathein,MMR017006,Yegyi,MMR017006702,Ngathaingchaung,ငသိုင်းချောင်း,17.39927,95.07731,Other Town,0,0,0,0
MMR017,Ayeyarwady,MMR017D001,Pathein,MMR017004,Ngapudaw,MMR017004702,Ngayokekaung,ငရုတ်ကောင်း,16.52089,94.3019,Other Town,0,0,0,0
MMR017,Ayeyarwady,MMR017D001,Pathein,MMR017001,Pathein,MMR017001703,Ngwesaung,ငွေဆောင်,16.86379,94.38711,Other Town,0,0,0,0
MMR017,Ayeyarwady,MMR017D005,Maubin,MMR017021,Nyaungdon,MMR017021701,Nyaungdon,ညောင်တုန်း,17.04903,95.63359,Main Town,0,0,0,0
MMR007,Bago (East),MMR007D001,Bago,MMR007005,Nyaunglebin,MMR007005701,Nyaunglebin,ညောင်လေးပင်,17.95323,96.72151,Main Town,0,0,0,0
MMR014,Shan (South),MMR014D001,Taunggyi,MMR014002,Nyaungshwe,MMR014002701,Nyaungshwe,ညောင်ရွှေ,20.65957,96.93206,Main Town,0,0,0,0
MMR008,Bago (West),MMR008D001,Pyay,MMR008003,Padaung,MMR008003702,Oakshitpin,ဥရှစ်ပင်,18.68519,95.01383,Other Town,0,0,0,0
MMR008,Bago (West),MMR008D002,Thayarwady,MMR008010,Okpho,MMR008010702,Oe Thei Kone,အိုးသည်ကုန်း,18.0432,95.6935,Other Town,0,0,0,0
MMR013,Yangon,MMR013D001,Yangon (North),MMR013005,Taikkyi,MMR013005702,Okekan,ဥက္ကံ,17.49696,95.8607,Other Town,0,0,0,0
MMR008,Bago (West),MMR008D002,Thayarwady,MMR008010,Okpho,MMR008010701,Okpho,အုတ်ဖို,18.13022,95.67177,Main Town,0,0,0,0
MMR007,Bago (East),MMR007D002,Taungoo,MMR007013,Oktwin,MMR007013701,Oktwin,အုတ်တွင်း,18.83293,96.41363,Main Town,0,0,0,0
MMR008,Bago (West),MMR008D001,Pyay,MMR008003,Padaung,MMR008003701,Padaung,ပန်းတောင်း,18.71797,95.15353,Main Town,0,0,0,0
MMR003,Kayin,MMR003D001,Hpa-An,MMR003002,Hlaingbwe,MMR003002702,Paingkyon,ပိုင်ကျုံ,17.02169958,97.985965,Other Town,0,0,0,0
MMR009,Magway,MMR009D004,Pakokku,MMR009018,Pakokku,MMR009018701,Pakokku,ပခုက္ကူ,21.335,95.08227,District Capital,0,0,0,0
MMR006,Tanintharyi,MMR006D002,Myeik,MMR006007,Palaw,MMR006007702,Palauk,ပလောက်,13.27222656,98.62248264,Other Town,0,0,0,0
MMR006,Tanintharyi,MMR006D002,Myeik,MMR006007,Palaw,MMR006007701,Palaw,ပုလော,12.97530595,98.6457919,Main Town,0,0,0,0
MMR005,Sagaing,MMR005D009,Yinmarbin,MMR005019,Pale,MMR005019701,Pale,ပုလဲ,21.93415,94.87486,Main Town,0,0,0,0
MMR004,Chin,MMR004D004,Matupi,MMR004009,Paletwa,MMR004009701,Paletwa,ပလက်ဝ,21.30441,92.85461,Main Town,0,0,0,0
MMR001,Kachin,MMR001D001,Myitkyina,MMR001005,Chipwi,MMR001005702,Pang War,ပန်ဝါ မ,25.59866,98.37863,Other Town,0,0,0,0
MMR001,Kachin,MMR001D004,Puta-O,MMR001017,Nawngmun,MMR001017702,Pannandin,ပန်နန်းဒင်,27.72810198,97.87661842,Other Town,0,0,0,0
MMR005,Sagaing,MMR005S001,Naga Self-Administered Zone,MMR005037,Nanyun,MMR005037702,Pansaung,ပန်ဆောင်,27.23683197,96.1671161,Other Town,0,0,0,0
MMR017,Ayeyarwady,MMR017D005,Maubin,MMR017020,Pantanaw,MMR017020701,Pantanaw,ပန်းတနော်,16.98212,95.46595,Main Town,0,0,0,0
MMR017,Ayeyarwady,MMR017D001,Pathein,MMR017001,Pathein,MMR017001701,Pathein,ပုသိမ်,16.77924,94.73303,State/Region Capital,0,0,0,0
MMR009,Magway,MMR009D004,Pakokku,MMR009021,Pauk,MMR009021701,Pauk,ပေါက်,21.45215,94.47374,Main Town,0,0,0,0
MMR008,Bago (West),MMR008D001,Pyay,MMR008002,Paukkhaung,MMR008002701,Paukkhaung,ပေါက်ခေါင်း,18.9028,95.54819,Main Town,0,0,0,0
MMR012,Rakhine,MMR012D001,Sittwe,MMR012007,Pauktaw,MMR012007701,Pauktaw,ပေါက်တော,20.18098,93.06817,Main Town,0,0,0,0
MMR011,Mon,MMR011D002,Thaton,MMR011008,Paung,MMR011008701,Paung,ပေါင်,16.61679,97.45672,Main Town,0,0,0,0
MMR005,Sagaing,MMR005D007,Mawlaik,MMR005032,Paungbyin,MMR005032701,Paungbyin,ဖောင်းပြင်,24.26768,94.81686,Main Town,0,0,0,0
MMR008,Bago (West),MMR008D001,Pyay,MMR008001,Pyay,MMR008001702,Paungdale,ပေါင်းတလည်,18.84968,95.38459,Other Town,0,0,0,0
MMR008,Bago (West),MMR008D001,Pyay,MMR008004,Paungde,MMR008004701,Paungde,ပေါင်းတည်,18.48947,95.50721,Main Town,0,0,0,0
MMR014,Shan (South),MMR014S002,Pa-O Self-Administered Zone,MMR014009,Pinlaung,MMR014009703,Pawng Lawng,ပေါင်းလောင်း,19.98626219,96.58254462,Other Town,0,0,0,0
MMR007,Bago (East),MMR007D001,Bago,MMR007005,Nyaunglebin,MMR007005704,Peinzalok,ပိန်းဇလုပ်,18.0699,96.66836,Other Town,0,0,0,0
MMR014,Shan (South),MMR014D001,Taunggyi,MMR014010,Pekon,MMR014010701,Pekon,ဖယ်ခုံ,19.86348,97.00831,Main Town,0,0,0,0
MMR007,Bago (East),MMR007D001,Bago,MMR007006,Kyauktaga,MMR007006702,Penwegon,ပဲနွယ်ကုန်း,18.22271,96.56886,Other Town,0,0,0,0
MMR007,Bago (East),MMR007D002,Taungoo,MMR007012,Phyu,MMR007012701,Phyu,ဖြူး,18.48438,96.43572,Main Town,0,0,0,0
MMR014,Shan (South),MMR014S001,Danu Self-Administered Zone,MMR014006,Pindaya,MMR014006701,Pindaya,ပင်းတယ,20.94158,96.66279,Main Town,0,0,0,0
MMR014,Shan (South),MMR014S002,Pa-O Self-Administered Zone,MMR014009,Pinlaung,MMR014009701,Pinlaung,ပင်လောင်း,20.12439,96.78219,Main Town,0,0,0,0
MMR005,Sagaing,MMR005D011,Kawlin,MMR005026,Pinlebu,MMR005026701,Pinlebu,ပင်လည်ဘူး,24.08089,95.37026,Main Town,0,0,0,0
MMR014,Shan (South),MMR014D002,Loilen,MMR014011,Loilen,MMR014011702,Pinlon,ပင်လုံ,20.991,97.532,Other Town,0,0,0,0
MMR012,Rakhine,MMR012D001,Sittwe,MMR012002,Ponnagyun,MMR012002701,Ponnagyun,ပုဏ္ဏားကျွန်း,20.33199,93.0043,Main Town,0,0,0,0
MMR016,Shan (East),MMR016D002,Monghsat,MMR016008,Mongton,MMR016008702,Ponparkyin,ပုံပါကျင်,19.8892,98.9382,Other Town,0,0,0,0
MMR001,Kachin,MMR001D004,Puta-O,MMR001014,Puta-O,MMR001014701,Puta-O,ပူတာအို,27.29934,97.4159,District Capital,0,0,0,0
MMR008,Bago (West),MMR008D001,Pyay,MMR008005,Thegon,MMR008005702,Puteekone,ပုတီးကုန်း,18.57236,95.45645,Other Town,0,0,0,0
MMR009,Magway,MMR009D002,Minbu,MMR009008,Pwintbyu,MMR009008701,Pwintbyu,ပွင့်ဖြူ,20.36334,94.66933,Main Town,0,0,0,0
MMR017,Ayeyarwady,MMR017D006,Pyapon,MMR017023,Pyapon,MMR017023701,Pyapon,ဖျာပုံ,16.2916097,95.68019333,District Capital,0,0,0,0
MMR008,Bago (West),MMR008D001,Pyay,MMR008001,Pyay,MMR008001701,Pyay,ပြည်,18.82151,95.22103,District Capital,0,0,0,0
MMR006,Tanintharyi,MMR006D003,Kawthoung,MMR006010,Bokpyin,MMR006010702,Pyigyimandaing,ပြည်ကြီးမဏ္ဍိုင်,11.46842125,99.00143833,Other Town,0,0,0,0
MMR018,Nay Pyi Taw,MMR018D002,Det Khi Na,MMR018006,Pyinmana,MMR018006701,Pyinmana,ပျဉ်းမနား,19.7361,96.20895,Main Town,0,0,0,0
MMR017,Ayeyarwady,MMR017D004,Labutta,MMR017016,Labutta,MMR017016702,Pyinsalu,ပြင်စလူ,15.82676977,94.80943333,Other Town,0,0,0,0
MMR007,Bago (East),MMR007D001,Bago,MMR007005,Nyaunglebin,MMR007005703,Pyuntasa,ပြွန်တန်ဆာ,17.87517,96.71597,Other Town,0,0,0,0
MMR012,Rakhine,MMR012D003,Kyaukpyu,MMR012013,Ramree,MMR012013701,Ramree,ရမ်းဗြဲ,19.08769,93.85886,Main Town,0,0,0,0
MMR012,Rakhine,MMR012D001,Sittwe,MMR012008,Rathedaung,MMR012008701,Rathedaung,ရသေ့တောင်,20.48215363,92.75605687,Main Town,0,0,0,0
MMR004,Chin,MMR004D004,Matupi,MMR004007,Matupi,MMR004007702,Rezua,ရေဇွာ,22.05289,93.40857,Other Town,0,0,0,0
MMR004,Chin,MMR004D001,Falam,MMR004001,Falam,MMR004001702,Rihkhawdar,ရိခေါ်ဒါရ်,23.36096889,93.38869076,Other Town,0,0,0,0
MMR009,Magway,MMR009D001,Magway,MMR009003,Chauk,MMR009003702,Sa Lay,စလေ,20.8338,94.7424,Other Town,0,0,0,0
MMR012,Rakhine,MMR012D003,Kyaukpyu,MMR012011,Kyaukpyu,MMR012011702,Sa Ne,စနဲ,19.2166,93.7336,Other Town,0,0,0,0
MMR001,Kachin,MMR001D001,Myitkyina,MMR001002,Waingmaw,MMR001002702,Sadung,ဆဒုံး,25.39708896,97.89996053,Other Town,0,0,0,0
MMR005,Sagaing,MMR005D001,Sagaing,MMR005001,Sagaing,MMR005001701,Sagaing,စစ်ကိုင်း,21.88008,95.96231,District Capital,0,0,0,0
MMR005,Sagaing,MMR005D002,Shwebo,MMR005010,Tabayin,MMR005010702,Saing Pyin,စိုင်ပြင်,22.5561,95.2366,Other Town,0,0,0,0
MMR009,Magway,MMR009D002,Minbu,MMR009007,Minbu,MMR009007702,Saku,စကု,20.22609,94.76831,Other Town,0,0,0,0
MMR009,Magway,MMR009D002,Minbu,MMR009010,Salin,MMR009010701,Salin,စလင်း,20.5772,94.65936,Main Town,0,0,0,0
MMR005,Sagaing,MMR005D009,Yinmarbin,MMR005018,Salingyi,MMR005018701,Salingyi,ဆားလင်းကြီး,21.97363131,95.08269357,Main Town,0,0,0,0
MMR004,Chin,MMR004D004,Matupi,MMR004009,Paletwa,MMR004009702,Samee,ဆမီး,21.29333,93.09649,Other Town,0,0,0,0
MMR005,Sagaing,MMR005D001,Sagaing,MMR005001,Sagaing,MMR005001702,Sar Taung,ဆားတောင်,22.1639,95.7574,Other Town,0,0,0,0
MMR009,Magway,MMR009D005,Gangaw,MMR009025,Saw,MMR009025701,Saw,ဆော,21.15223705,94.15465822,Main Town,0,0,0,0
MMR009,Magway,MMR009D004,Pakokku,MMR009022,Seikphyu,MMR009022701,Seikphyu,ဆိပ်ဖြူ,20.90651,94.79243,Main Town,0,0,0,0
MMR002,Kayah,MMR002D001,Loikaw,MMR002004,Shadaw,MMR002004701,Shadaw,ရှားတော,19.63174,97.52073,Main Town,0,0,0,0
MMR003,Kayin,MMR003D001,Hpa-An,MMR003002,Hlaingbwe,MMR003002703,Shan Ywar Thit,ရှမ်းရွာသစ်,17.42438,97.88778,Other Town,0,0,0,0
MMR001,Kachin,MMR001D001,Myitkyina,MMR001004,Tanai,MMR001004702,Shin Bway Yang,ရှင်ဗွေယန်,26.69478,96.2094,Other Town,0,0,0,0
MMR005,Sagaing,MMR005D008,Hkamti,MMR005034,Homalin,MMR005034702,Shwe Pyi Aye,ရွှေပြည်အေး,24.68343537,94.73146774,Other Town,0,0,0,0
MMR005,Sagaing,MMR005D002,Shwebo,MMR005004,Shwebo,MMR005004701,Shwebo,ရွှေဘို,22.56996,95.69849,District Capital,0,0,0,0
MMR008,Bago (West),MMR008D001,Pyay,MMR008006,Shwedaung,MMR008006701,Shwedaung,ရွှေတောင်,18.7051,95.21404,Main Town,0,0,0,0
MMR001,Kachin,MMR001D003,Bhamo,MMR001011,Shwegu,MMR001011701,Shwegu,ရွှေကူ,24.20695,96.80606,Main Town,0,0,0,0
MMR007,Bago (East),MMR007D001,Bago,MMR007008,Shwegyin,MMR007008701,Shwegyin,ရွှေကျင်,17.92304,96.87767,Main Town,0,0,0,0
MMR014,Shan (South),MMR014D001,Taunggyi,MMR014001,Taunggyi,MMR014001704,Shwenyaung,ရွှေညောင်,20.76015,96.93614,Other Town,0,0,0,0
MMR017,Ayeyarwady,MMR017D001,Pathein,MMR017001,Pathein,MMR017001702,Shwethaungyan,ရွှေသောင်ယံ,17.07674,94.46133,Other Town,0,0,0,0
MMR009,Magway,MMR009D002,Minbu,MMR009011,Sidoktaya,MMR009011701,Sidoktaya,စေတုတ္ထရာ,20.4466,94.24559,Main Town,0,0,0,0
MMR008,Bago (West),MMR008D001,Pyay,MMR008005,Thegon,MMR008005704,Sin Mee Swea,ဆင်မြီးဆွဲ,18.7369,95.3594,Other Town,0,0,0,0
MMR009,Magway,MMR009D003,Thayet,MMR009017,Sinbaungwe,MMR009017701,Sinbaungwe,ဆင်ပေါင်ဝဲ,19.72291986,95.16185986,Main Town,0,0,0,0
MMR001,Kachin,MMR001D001,Myitkyina,MMR001001,Myitkyina,MMR001001702,Sinbo,ဆင်ဘို,24.77923,97.03917,Other Town,0,0,0,0
MMR009,Magway,MMR009D002,Minbu,MMR009010,Salin,MMR009010702,Sinphyukyun,ဆင်ဖြူကျွန်း,20.66419969,94.69290491,Other Town,0,0,0,0
MMR008,Bago (West),MMR008D002,Thayarwady,MMR008009,Minhla,MMR008009702,Sit Kwin,စစ်ကွင်း,17.8941,95.7232,Other Town,0,0,0,0
MMR012,Rakhine,MMR012D001,Sittwe,MMR012001,Sittwe,MMR012001701,Sittwe,စစ်တွေ,20.13727,92.88551,State/Region Capital,0,0,0,0
MMR003,Kayin,MMR003D002,Myawaddy,MMR003005,Myawaddy,MMR003005702,Su Ka Li,စုကလိ,16.15439,98.59621,Other Town,0,0,0,0
MMR005,Sagaing,MMR005S001,Naga Self-Administered Zone,MMR005035,Lay Shi,MMR005035703,Sum Ma Rar,ဆွမ္မရာ,25.36455,94.68729,Other Town,0,0,0,0
MMR001,Kachin,MMR001D004,Puta-O,MMR001015,Sumprabum,MMR001015701,Sumprabum,ဆွမ်ပရာဘွမ်,26.54373,97.5677,Main Town,0,0,0,0
MMR017,Ayeyarwady,MMR017D002,Hinthada,MMR017008,Hinthada,MMR017008702,Ta Loke Htaw,တလုတ္ထော်,17.6419,95.3046,Other Town,0,0,0,0
MMR005,Sagaing,MMR005D002,Shwebo,MMR005010,Tabayin,MMR005010701,Tabayin,ဒီပဲယင်း,22.68529,95.32121,Main Town,0,0,0,0
MMR016,Shan (East),MMR016D003,Tachileik,MMR016009,Tachileik,MMR016009701,Tachileik,တာချီလိတ်,20.45304,99.88403,District Capital,0,0,0,0
MMR013,Yangon,MMR013D003,Yangon (South),MMR013024,Kyauktan,MMR013024702,Tadar,တံတား,16.64788,96.53949,Other Town,0,0,0,0
MMR013,Yangon,MMR013D001,Yangon (North),MMR013005,Taikkyi,MMR013005701,Taikkyi,တိုက်ကြီး,17.31263,95.96344,Main Town,0,0,0,0
MMR005,Sagaing,MMR005D006,Tamu,MMR005030,Tamu,MMR005030701,Tamu,တမူး,24.21149,94.31534,District Capital,0,0,0,0
MMR001,Kachin,MMR001D001,Myitkyina,MMR001004,Tanai,MMR001004701,Tanai,တနိုင်း,26.35797,96.71655,Main Town,0,0,0,0
MMR006,Tanintharyi,MMR006D002,Myeik,MMR006008,Tanintharyi,MMR006008701,Tanintharyi,တနင်္သာရီ,12.08940526,99.01277649,Main Town,0,0,0,0
MMR008,Bago (West),MMR008D002,Thayarwady,MMR008012,Nattalin,MMR008012702,Tar Pun,တာပွန်,18.361,95.4549,Other Town,0,0,0,0
MMR016,Shan (East),MMR016D003,Tachileik,MMR016009,Tachileik,MMR016009703,Tarlay,တာလေ,20.71261925,100.0930691,Other Town,0,0,0,0
MMR012,Rakhine,MMR012D003,Kyaukpyu,MMR012014,Ann,MMR012014702,Tat Taung,တပ်တောင်,19.5682,93.9358,Other Town,0,0,0,0
MMR018,Nay Pyi Taw,MMR018D001,Oke Ta Ra,MMR018003,Tatkon,MMR018003701,Tatkon,တပ်ကုန်း,20.13041,96.20297,Main Town,0,0,0,0
MMR009,Magway,MMR009D001,Magway,MMR009004,Taungdwingyi,MMR009004701,Taungdwingyi,တောင်တွင်းကြီး,20.00187,95.54614,Main Town,0,0,0,0
MMR014,Shan (South),MMR014D001,Taunggyi,MMR014001,Taunggyi,MMR014001701,Taunggyi,တောင်ကြီး,20.77477,97.03598,State/Region Capital,0,0,0,0
MMR007,Bago (East),MMR007D002,Taungoo,MMR007009,Taungoo,MMR007009701,Taungoo,တောင်ငူ,18.93953,96.43314,District Capital,0,0,0,0
MMR012,Rakhine,MMR012D002,Maungdaw,MMR012009,Maungdaw,MMR012009702,Taungpyoletwea,တောင်ပြိုလက်ဝဲ,21.19990921,92.20068434,Other Town,0,0,0,0
MMR005,Sagaing,MMR005D002,Shwebo,MMR005011,Taze,MMR005011701,Taze,တန့်ဆည်,22.94407,95.37361,Main Town,0,0,0,0
MMR004,Chin,MMR004D001,Falam,MMR004004,Tedim,MMR004004701,Tedim,တီးတိန်,23.37058,93.65619,Main Town,0,0,0,0
MMR017,Ayeyarwady,MMR017D001,Pathein,MMR017003,Thabaung,MMR017003701,Thabaung,သာပေါင်း,17.04734,94.80589,Main Town,0,0,0,0
MMR007,Bago (East),MMR007D001,Bago,MMR007002,Thanatpin,MMR007002701,Thanatpin,သနပ်ပင်,17.28903,96.57664,Main Town,0,0,0,0
MMR011,Mon,MMR011D001,Mawlamyine,MMR011004,Thanbyuzayat,MMR011004701,Thanbyuzayat,သံဖြူဇရပ်,15.9667,97.7333,Main Town,0,0,0,0
MMR003,Kayin,MMR003D001,Hpa-An,MMR003004,Thandaunggyi,MMR003004702,Thandaung,သံတောင်,19.02175,96.58266,Other Town,0,0,0,0
MMR003,Kayin,MMR003D001,Hpa-An,MMR003004,Thandaunggyi,MMR003004701,Thandaunggyi,သံတောင်ကြီး,19.07339,96.67547,Main Town,0,0,0,0
MMR012,Rakhine,MMR012D004,Thandwe,MMR012015,Thandwe,MMR012015701,Thandwe,သံတွဲ,18.4661997,94.3677026,District Capital,0,0,0,0
MMR013,Yangon,MMR013D003,Yangon (South),MMR013023,Thanlyin,MMR013023701,Thanlyin,သန်လျင်,16.76378,96.25184,Main Town,0,0,0,0
MMR004,Chin,MMR004D003,Hakha,MMR004003,Thantlang,MMR004003701,Thantlang,ထန်တလန်,22.69843,93.4278,Main Town,0,0,0,0
MMR011,Mon,MMR011D002,Thaton,MMR011007,Thaton,MMR011007701,Thaton,သထုံ,16.9197,97.3678,District Capital,0,0,0,0
MMR008,Bago (West),MMR008D002,Thayarwady,MMR008007,Thayarwady,MMR008007701,Thayarwady,သာယာဝတီ,17.65441,95.78629,District Capital,0,0,0,0
MMR009,Magway,MMR009D003,Thayet,MMR009012,Thayet,MMR009012701,Thayet,သရက်,19.3215,95.17716,District Capital,0,0,0,0
MMR006,Tanintharyi,MMR006D001,Dawei,MMR006003,Thayetchaung,MMR006003701,Thayetchaung,သရက်ချောင်း,13.86870462,98.26251547,Main Town,0,0,0,0
MMR008,Bago (West),MMR008D001,Pyay,MMR008005,Thegon,MMR008005701,Thegon,သဲကုန်း,18.64698,95.41721,Main Town,0,0,0,0
MMR011,Mon,MMR011D002,Thaton,MMR011009,Kyaikto,MMR011009702,Thein Za Yat,သိမ်ဇရပ်,17.5137,96.884,Other Town,0,0,0,0
MMR007,Bago (East),MMR007D001,Bago,MMR007003,Kawa,MMR007003702,Thetkala,သက္ကလ,17.02939,96.59657,Other Town,0,0,0,0
MMR013,Yangon,MMR013D003,Yangon (South),MMR013025,Thongwa,MMR013025701,Thongwa,သုံးခွ,16.7586,96.52309,Main Town,0,0,0,0
MMR008,Bago (West),MMR008D002,Thayarwady,MMR008007,Thayarwady,MMR008007702,Thonse,သုံးဆယ်,17.62988,95.78985,Other Town,0,0,0,0
MMR011,Mon,MMR011D002,Thaton,MMR011007,Thaton,MMR011007702,Thuwunnawady,သုဝဏ္ဏဝတီ,17.06022,97.30482,Other Town,0,0,0,0
MMR005,Sagaing,MMR005D004,Katha,MMR005022,Tigyaing,MMR005022701,Tigyaing,ထီးချိုင့်,23.75452,96.14833,Main Town,0,0,0,0
MMR009,Magway,MMR009D005,Gangaw,MMR009024,Tilin,MMR009024701,Tilin,ထီးလင်း,21.69636,94.09278,Main Town,0,0,0,0
MMR016,Shan (East),MMR016D001,Kengtung,MMR016007,Mongping,MMR016007702,Tontar,တုံတာ,21.33004,99.28781,Other Town,0,0,0,0
MMR004,Chin,MMR004D001,Falam,MMR004005,Tonzang,MMR004005701,Tonzang,တွန်းဇန်,23.60306,93.69175,Main Town,0,0,0,0
MMR012,Rakhine,MMR012D004,Thandwe,MMR012016,Toungup,MMR012016701,Toungup,တောင်ကုတ်,18.85353,94.23972,Main Town,0,0,0,0
MMR001,Kachin,MMR001D001,Myitkyina,MMR001006,Tsawlaw,MMR001006701,Tsawlaw,ဆော့လော်,26.15418607,98.27048681,Main Town,0,0,0,0
MMR013,Yangon,MMR013D003,Yangon (South),MMR013027,Twantay,MMR013027701,Twantay,တွံတေး,16.70734,95.93047,Main Town,0,0,0,0
MMR001,Kachin,MMR001D001,Myitkyina,MMR001002,Waingmaw,MMR001002701,Waingmaw,ဝိုင်းမော်,25.35099,97.44281,Main Town,0,0,0,0
MMR017,Ayeyarwady,MMR017D003,Myaungmya,MMR017017,Wakema,MMR017017701,Wakema,ဝါးခယ်မ,16.60383,95.18041,Main Town,0,0,0,0
MMR007,Bago (East),MMR007D001,Bago,MMR007004,Waw,MMR007004701,Waw,ဝေါ,17.4836,96.68234,Main Town,0,0,0,0
MMR003,Kayin,MMR003D002,Myawaddy,MMR003005,Myawaddy,MMR003005703,Waw Lay Myaing (Waw Lay),ဝေါလေမြိုင်(ဝေါလေ),16.29392,98.71324,Other Town,0,0,0,0
MMR004,Chin,MMR004D001,Falam,MMR004001,Falam,MMR004001703,Webula,ဝေဘူလ,23.0168,93.9133,Other Town,0,0,0,0
MMR005,Sagaing,MMR005D002,Shwebo,MMR005006,Wetlet,MMR005006701,Wetlet,ဝက်လက်,22.36715,95.78812,Main Town,0,0,0,0
MMR005,Sagaing,MMR005D011,Kawlin,MMR005025,Wuntho,MMR005025701,Wuntho,ဝန်းသို,23.89924064,95.68193027,Main Town,0,0,0,0
MMR013,Yangon,MMR013D004,Yangon (West),MMR013033,Kyauktada,MMR013000777,Yangon,ရန်ကုန်,16.77818611,96.16092616,State/Region Capital,0,0,0,0
MMR011,Mon,MMR011D001,Mawlamyine,MMR011006,Ye,MMR011006701,Ye,ရေး,15.24539174,97.84935392,Main Town,0,0,0,0
MMR005,Sagaing,MMR005D002,Shwebo,MMR005009,Ye-U,MMR005009701,Ye-U,ရေဦး,22.76914,95.43049,Main Town,0,0,0,0
MMR006,Tanintharyi,MMR006D001,Dawei,MMR006004,Yebyu,MMR006004701,Yebyu,ရေဖြူ,14.24590986,98.20290726,Main Town,0,0,0,0
MMR007,Bago (East),MMR007D002,Taungoo,MMR007010,Yedashe,MMR007010701,Yedashe,ရေတာရှည်,19.15693,96.34234,Main Town,0,0,0,0
MMR017,Ayeyarwady,MMR017D001,Pathein,MMR017006,Yegyi,MMR017006701,Yegyi,ရေကြည်,17.34456,95.12067,Main Town,0,0,0,0
MMR009,Magway,MMR009D001,Magway,MMR009002,Yenangyaung,MMR009002701,Yenangyaung,ရေနံချောင်း,20.45837,94.8731,Main Town,0,0,0,0
MMR009,Magway,MMR009D004,Pakokku,MMR009019,Yesagyo,MMR009019701,Yesagyo,ရေစကြို,21.6338783,95.24530058,Main Town,0,0,0,0
MMR005,Sagaing,MMR005D009,Yinmarbin,MMR005016,Yinmarbin,MMR005016701,Yinmarbin,ယင်းမာပင်,22.07779,94.90014,District Capital,0,0,0,0
MMR014,Shan (South),MMR014S001,Danu Self-Administered Zone,MMR014007,Ywangan,MMR014007701,Ywangan,ရွာငံ,21.16282,96.44229,Main Town,0,0,0,0
MMR002,Kayah,MMR002D002,Bawlake,MMR002005,Bawlake,MMR002005702,Ywarthit,ရွာသစ်,19.16673,97.4995,Other Town,0,0,0,0
MMR017,Ayeyarwady,MMR017D002,Hinthada,MMR017009,Zalun,MMR017009701,Zalun,ဇလွန်,17.4781,95.55666,Main Town,0,0,0,0
MMR007,Bago (East),MMR007D002,Taungoo,MMR007012,Phyu,MMR007012703,Zayyawadi,ဇေယျ၀တီ,18.54097,96.43084,Other Town,0,0,0,0
MMR005,Sagaing,MMR005D010,Kanbalu,MMR005007,Kanbalu,MMR005007702,Zee Kone,ဇီးကုန်း,22.9311,95.5636,Other Town,0,0,0,0
MMR008,Bago (West),MMR008D002,Thayarwady,MMR008011,Zigon,MMR008011701,Zigon,ဇီးကုန်း,18.33846,95.62304,Main Town,0,0,0,0
MMR011,Mon,MMR011D002,Thaton,MMR011008,Paung,MMR011008702,Zinkyaik,ဇင်းကျိုက်,16.69655,97.42371,Other Town,0,0,0,0
